City_o,City_d,2020-08-17
Alachua,Alachua,20815.0
Alachua,Gainesville,6125.0
Alafaya,Alafaya,56074.0
Alafaya,Orlando,5952.0
Alafaya,Oviedo,1046.0
Alford,Alford,3193.0
Alford,Marianna,1252.0
Altamonte Springs,Altamonte Springs,30964.0
Altamonte Springs,Apopka,1778.0
Altamonte Springs,Orlando,2037.0
Altha,Altha,2439.0
Altoona,Altoona,9736.0
Altoona,Eustis,3146.0
Altoona,Mount Dora,1334.0
Apollo Beach,Apollo Beach,8615.0
Apollo Beach,Riverview,1241.0
Apopka,Altamonte Springs,2735.0
Apopka,Apopka,39950.0
Apopka,Mount Dora,1365.0
Apopka,Ocoee,2426.0
Apopka,Orlando,2895.0
Archer,Archer,4571.0
Archer,Gainesville,2217.0
Atlantic Beach,Atlantic Beach,9418.0
Atlantic Beach,Jacksonville,5884.0
Atlantis,Atlantis,11529.0
Auburndale,Auburndale,22477.0
Auburndale,Lakeland,3223.0
Auburndale,Winter Haven,1894.0
Avon Park,Avon Park,13552.0
Azalea Park,Azalea Park,7824.0
Bartow,Bartow,8276.0
Bartow,Lakeland,4690.0
Bascom,Bascom,4038.0
Bayshore Gardens,Bayshore Gardens,10888.0
Belle Isle,Belle Isle,9243.0
Belle Isle,Orlando,3792.0
Belleview,Belleview,15529.0
Belleview,Ocala,3915.0
Belleview,The Villages,1359.0
Bellview,Bellview,30915.0
Bellview,Pensacola,3669.0
Blountstown,Blountstown,9677.0
Boca Raton,Boca Raton,27010.0
Bonifay,Bonifay,9483.0
Bonita Springs,Bonita Springs,18933.0
Bowling Green,Bowling Green,23439.0
Bradenton,Bradenton,36114.0
Bradenton,Sarasota,2185.0
Brandon,Brandon,29913.0
Brandon,Tampa,3510.0
Branford,Branford,7533.0
Branford,Lake City,2193.0
Bristol,Bristol,6181.0
Brooker,Brooker,6950.0
Brooker,Starke,2600.0
Brooksville,Brooksville,14410.0
Bunnell,Bunnell,10490.0
Bunnell,Palm Coast,4568.0
Bushnell,Bushnell,9044.0
Callahan,Callahan,16117.0
Callahan,Jacksonville,7990.0
Callaway,Callaway,18646.0
Callaway,Lynn Haven,4635.0
Callaway,Panama City,4462.0
Callaway,Panama City Beach,1941.0
Callaway,Parker,1358.0
Cape Coral,Cape Coral,81719.0
Cape Coral,Fort Myers,8778.0
Cape Coral,Lehigh Acres,2045.0
Cape Coral,North Fort Myers,2304.0
Carrollwood,Carrollwood,9306.0
Caryville,Caryville,3030.0
Casselberry,Altamonte Springs,3925.0
Casselberry,Casselberry,6747.0
Casselberry,Orlando,3791.0
Celebration,Celebration,5959.0
Celebration,Kissimmee,356.0
Celebration,Orlando,528.0
Century,Century,4509.0
Chattahoochee,Chattahoochee,4253.0
Chipley,Chipley,7808.0
Chuluota,Chuluota,10409.0
Chuluota,Oviedo,4619.0
Citrus Springs,Citrus Springs,8397.0
Clearwater,Clearwater,31629.0
Clearwater,Dunedin,3384.0
Clearwater,Largo,2747.0
Clermont,Clermont,78557.0
Clermont,Lake Butler,1733.0
Clermont,Ocoee,1137.0
Clermont,Orlando,4345.0
Cocoa,Cocoa,9089.0
Cocoa,Melbourne,2370.0
Cocoa,Merritt Island,2077.0
Cocoa,Rockledge,2368.0
Cocoa Beach,Cocoa Beach,2066.0
Coconut Creek,Coconut Creek,14819.0
Coconut Creek,Coral Springs,1683.0
Cooper City,Cooper City,17750.0
Coral Gables,Coral Gables,23440.0
Coral Springs,Coconut Creek,2538.0
Coral Springs,Coral Springs,29664.0
Cottondale,Cottondale,3165.0
Crawfordville,Crawfordville,10052.0
Crawfordville,Tallahassee,4935.0
Crestview,Crestview,62883.0
Crestview,Destin,1738.0
Crestview,Fort Walton Beach,3847.0
Crestview,Niceville,3787.0
Crystal River,Crystal River,10717.0
Cutler Bay,Cutler Bay,10262.0
Dade City,Dade City,7661.0
Davenport,Davenport,6757.0
Davenport,Haines City,2020.0
Davie,Cooper City,2223.0
Davie,Davie,39053.0
Davie,Fort Lauderdale,2334.0
Davie,Pembroke Pines,4286.0
Davie,Plantation,2811.0
Daytona Beach,Daytona Beach,32309.0
Daytona Beach,Holly Hill,1635.0
Daytona Beach,Ormond Beach,2511.0
Daytona Beach,Port Orange,3260.0
Delray Beach,Delray Beach,10961.0
Deltona,Deltona,54874.0
Deltona,Sanford,3380.0
Destin,Destin,21037.0
Destin,Fort Walton Beach,2013.0
Doral,Doral,10869.0
Doral,Miami,658.0
Dundee,Dundee,5686.0
Dunedin,Dunedin,8751.0
Eagle Lake,Eagle Lake,4260.0
Edgewater,Daytona Beach,2288.0
Edgewater,Edgewater,24677.0
Edgewater,New Smyrna Beach,5079.0
Englewood,Englewood,10897.0
Estero,Bonita Springs,2639.0
Estero,Estero,5144.0
Eustis,Eustis,18370.0
Eustis,Leesburg,1050.0
Eustis,Mount Dora,3493.0
Fernandina Beach,Fernandina Beach,25865.0
Flagler Beach,Flagler Beach,8184.0
Fleming Island,Fleming Island,43437.0
Fleming Island,Green Cove Springs,1758.0
Fleming Island,Jacksonville,8210.0
Floral City,Floral City,8248.0
Florida City,Florida City,18838.0
Florida City,Homestead,4507.0
Fort Lauderdale,Fort Lauderdale,51558.0
Fort Myers,Cape Coral,3336.0
Fort Myers,Fort Myers,35462.0
Fort Pierce,Fort Pierce,10750.0
Fort Walton Beach,Destin,3532.0
Fort Walton Beach,Fort Walton Beach,52745.0
Fort Walton Beach,Niceville,1686.0
Fort White,Fort White,8174.0
Freeport,Freeport,9755.0
Frostproof,Frostproof,4252.0
Fruit Cove,Fruit Cove,43160.0
Fruit Cove,Jacksonville,18110.0
Fruitland Park,Fruitland Park,3707.0
Gainesville,Gainesville,63024.0
Gibsonton,Brandon,1951.0
Gibsonton,Gibsonton,8690.0
Gibsonton,Riverview,1326.0
Gibsonton,Tampa,869.0
Gotha,Gotha,10902.0
Gotha,Lake Butler,1739.0
Gotha,Orlando,2800.0
Graceville,Graceville,6367.0
Grand Ridge,Grand Ridge,4667.0
Grand Ridge,Marianna,1967.0
Green Cove Springs,Fleming Island,3608.0
Green Cove Springs,Green Cove Springs,13216.0
Green Cove Springs,Jacksonville,2918.0
Greensboro,Greensboro,4485.0
Greenville,Greenville,3341.0
Greenwood,Greenwood,4748.0
Greenwood,Marianna,2316.0
Gretna,Gretna,7070.0
Gulf Breeze,Gulf Breeze,7529.0
Gulf Breeze,Midway,1357.0
Haines City,Haines City,10927.0
Hallandale Beach,Hallandale Beach,16635.0
Havana,Havana,9372.0
Havana,Tallahassee,4995.0
Heathrow,Heathrow,5653.0
Hialeah,Hialeah,40904.0
Hialeah,Hialeah Gardens,1810.0
Hialeah,Miami,2801.0
Hialeah Gardens,Hialeah,3929.0
Hialeah Gardens,Hialeah Gardens,9133.0
Hilliard,Callahan,1412.0
Hilliard,Hilliard,9882.0
Hilliard,Jacksonville,3098.0
Holiday,Holiday,6660.0
Holly Hill,Daytona Beach,6400.0
Holly Hill,Holly Hill,13194.0
Hollywood,Hollywood,23761.0
Homestead,Homestead,19281.0
Hosford,Hosford,2489.0
Hudson,Hudson,2233.0
Immokalee,Immokalee,25352.0
Interlachen,Interlachen,13891.0
Interlachen,Palatka,6217.0
Inverness,Inverness,12709.0
Jacksonville,Atlantic Beach,8483.0
Jacksonville,Callahan,2432.0
Jacksonville,Fleming Island,4725.0
Jacksonville,Fruit Cove,8715.0
Jacksonville,Jacksonville,1442684.0
Jacksonville,Jacksonville Beach,20882.0
Jacksonville,Nocatee,4741.0
Jacksonville,Orlando,3501.0
Jacksonville,Yulee,4806.0
Jacksonville Beach,Jacksonville,10302.0
Jacksonville Beach,Jacksonville Beach,26234.0
Jupiter,Jupiter,7175.0
Jupiter,Palm Beach Gardens,4848.0
Kendall,Kendall,17324.0
Key Largo,Key Largo,2688.0
Key West,Key West,27391.0
Keystone Heights,Keystone Heights,11570.0
Kissimmee,Celebration,2173.0
Kissimmee,Kissimmee,107648.0
Kissimmee,Orlando,10350.0
Lady Lake,Lady Lake,4782.0
Lake Butler,Clermont,1255.0
Lake Butler,Gotha,1565.0
Lake Butler,Lake Butler,33672.0
Lake Butler,Ocoee,2839.0
Lake Butler,Orlando,4037.0
Lake Butler,Winter Garden,1281.0
Lake City,Lake City,39276.0
Lake Mary,Lake Mary,12385.0
Lake Mary,Sanford,2154.0
Lake Wales,Lake Wales,11587.0
Lake Worth,Lake Worth,3236.0
Lakeland,Lakeland,44792.0
Lamont,Lamont,3571.0
Land O Lakes,Land O Lakes,13744.0
Land O Lakes,Tampa,1530.0
Land O Lakes,Wesley Chapel,1557.0
Largo,Clearwater,2493.0
Largo,Largo,23993.0
Largo,Pinellas Park,1809.0
Laurel Hill,Laurel Hill,1715.0
Lee,Lee,3492.0
Leesburg,Leesburg,12688.0
Lehigh Acres,Fort Myers,7317.0
Lehigh Acres,Lehigh Acres,29959.0
Live Oak,Lake City,2494.0
Live Oak,Live Oak,20709.0
Longwood,Longwood,13340.0
Loxahatchee Groves,Loxahatchee Groves,8993.0
Lutz,Lutz,4120.0
Lutz,Tampa,4291.0
Lynn Haven,Callaway,2346.0
Lynn Haven,Lynn Haven,48710.0
Lynn Haven,Panama City,10009.0
Lynn Haven,Panama City Beach,3556.0
Macclenny,Jacksonville,3690.0
Macclenny,Macclenny,19890.0
Madison,Madison,2639.0
Maitland,Maitland,5732.0
Marianna,Grand Ridge,1755.0
Marianna,Marianna,20525.0
Mayo,Mayo,7033.0
Melbourne,Melbourne,39530.0
Merritt Island,Merritt Island,25490.0
Miami,Coral Gables,2618.0
Miami,Miami,70660.0
Miami Beach,Miami Beach,13311.0
Miami Gardens,Miami,3101.0
Miami Gardens,Miami Gardens,22937.0
Middleburg,Jacksonville,5480.0
Middleburg,Middleburg,20158.0
Midway,Fort Walton Beach,2515.0
Midway,Gulf Breeze,4725.0
Midway,Midway,52611.0
Midway,Navarre,7190.0
Midway,Pensacola,2304.0
Midway,Tallahassee,3207.0
Milton,Milton,40074.0
Milton,Pace,3086.0
Miramar,Davie,1233.0
Miramar,Miramar,46424.0
Miramar,Pembroke Pines,9291.0
Molino,Molino,8393.0
Morriston,Morriston,6344.0
Mount Dora,Apopka,2251.0
Mount Dora,Eustis,3661.0
Mount Dora,Mount Dora,22035.0
Navarre,Fort Walton Beach,2696.0
Navarre,Midway,2214.0
Navarre,Navarre,18455.0
New Port Richey,New Port Richey,2549.0
New Smyrna Beach,Daytona Beach,1415.0
New Smyrna Beach,Edgewater,1002.0
New Smyrna Beach,New Smyrna Beach,8460.0
New Smyrna Beach,Port Orange,1238.0
Niceville,Destin,2565.0
Niceville,Fort Walton Beach,2514.0
Niceville,Niceville,32759.0
Nocatee,Jacksonville,6232.0
Nocatee,Nocatee,19619.0
North Fort Myers,North Fort Myers,10829.0
North Miami,North Miami,9801.0
North Port,Englewood,1198.0
North Port,North Port,59309.0
North Port,Port Charlotte,8734.0
North Port,Sarasota,1209.0
Ocala,Belleview,1904.0
Ocala,Ocala,46421.0
Ocoee,Lake Butler,3006.0
Ocoee,Ocoee,23440.0
Ocoee,Orlando,3061.0
Ocoee,Winter Garden,1362.0
Orlando,Alafaya,2596.0
Orlando,Altamonte Springs,2184.0
Orlando,Apopka,1519.0
Orlando,Edgewood,1114.0
Orlando,Kissimmee,1772.0
Orlando,Lake Butler,961.0
Orlando,Orlando,124369.0
Orlando,Pine Hills,2176.0
Orlando,Winter Park,3026.0
Ormond Beach,Daytona Beach,633.0
Ormond Beach,Holly Hill,2661.0
Ormond Beach,Ormond Beach,5102.0
Oviedo,Orlando,2575.0
Oviedo,Oviedo,4182.0
Pace,Milton,3062.0
Pace,Pace,10901.0
Palatka,Palatka,22489.0
Palm Bay,Grant-Valkaria,1607.0
Palm Bay,Melbourne,14390.0
Palm Bay,Palm Bay,77347.0
Palm Beach Gardens,Jupiter,3436.0
Palm Beach Gardens,Palm Beach Gardens,28796.0
Palm City,Palm City,6171.0
Palm Coast,Bunnell,3989.0
Palm Coast,Daytona Beach,3588.0
Palm Coast,Flagler Beach,4086.0
Palm Coast,Palm Coast,67628.0
Palm Harbor,Clearwater,1520.0
Palm Harbor,Dunedin,925.0
Palm Harbor,Palm Harbor,13807.0
Panama City,Callaway,3134.0
Panama City,Lynn Haven,9420.0
Panama City,Panama City,33791.0
Panama City,Panama City Beach,2463.0
Panama City Beach,Lynn Haven,892.0
Panama City Beach,Panama City,1226.0
Panama City Beach,Panama City Beach,10370.0
Parker,Callaway,1751.0
Parker,Parker,4423.0
Parkland,Boca Raton,792.0
Parkland,Coconut Creek,898.0
Parkland,Coral Springs,4921.0
Parkland,Parkland,12960.0
Paxton,Paxton,6702.0
Pembroke Pines,Davie,1843.0
Pembroke Pines,Hollywood,3586.0
Pembroke Pines,Miramar,3610.0
Pembroke Pines,Pembroke Pines,37424.0
Pensacola,Pensacola,33392.0
Perry,Perry,24377.0
Pine Castle,Orlando,2749.0
Pine Castle,Pine Castle,8469.0
Pine Hills,Orlando,4887.0
Pine Hills,Pine Hills,16460.0
Pinellas Park,Pinellas Park,12206.0
Plant City,Lakeland,3638.0
Plant City,Plant City,14790.0
Plantation,Davie,5013.0
Plantation,Fort Lauderdale,3349.0
Plantation,Plantation,41011.0
Plantation,Sunrise,2856.0
Poinciana,Haines City,933.0
Poinciana,Kissimmee,3156.0
Poinciana,Orlando,1756.0
Poinciana,Poinciana,31103.0
Pompano Beach,Pompano Beach,8948.0
Port Charlotte,North Port,3021.0
Port Charlotte,Port Charlotte,27279.0
Port Orange,Daytona Beach,7223.0
Port Orange,New Smyrna Beach,2166.0
Port Orange,Port Orange,32158.0
Princeton,Homestead,1458.0
Princeton,Princeton,11311.0
Quincy,Quincy,5579.0
Riverview,Apollo Beach,1988.0
Riverview,Brandon,4296.0
Riverview,Gibsonton,2266.0
Riverview,Riverview,31114.0
Riverview,Tampa,2653.0
Rockledge,Cocoa,1644.0
Rockledge,Melbourne,2709.0
Rockledge,Rockledge,24838.0
Ruskin,Apollo Beach,1140.0
Ruskin,Ruskin,9122.0
Ruskin,Sun City Center,1004.0
Safety Harbor,Clearwater,1871.0
Safety Harbor,Safety Harbor,6818.0
Sanford,Lake Mary,3363.0
Sanford,Sanford,22157.0
Sarasota,Sarasota,26892.0
Satellite Beach,Satellite Beach,16888.0
Sebring,Avon Park,2989.0
Sebring,Sebring,24266.0
Seminole,Seminole,2103.0
Spring Hill,Brooksville,2193.0
Spring Hill,Spring Hill,12779.0
Starke,Starke,19212.0
Steinhatchee,Perry,4172.0
Steinhatchee,Steinhatchee,6920.0
Sunny Isles Beach,Sunny Isles Beach,13560.0
Sunrise,Plantation,2779.0
Sunrise,Sunrise,24870.0
Tallahassee,Crawfordville,1427.0
Tallahassee,Tallahassee,221475.0
Tamarac,Tamarac,18793.0
Tampa,Brandon,2933.0
Tampa,Tampa,178105.0
Tampa,Wesley Chapel,4806.0
Tarpon Springs,Tarpon Springs,12062.0
Tavares,Tavares,7577.0
Temple Terrace,Tampa,3394.0
Temple Terrace,Temple Terrace,14663.0
The Villages,Lady Lake,5039.0
The Villages,The Villages,84711.0
The Villages,Wildwood,3184.0
Titusville,Titusville,32442.0
Trinity,Trinity,6278.0
Valrico,Brandon,12560.0
Valrico,Valrico,28550.0
Wesley Chapel,Tampa,469.0
Wesley Chapel,Wesley Chapel,5606.0
West Palm Beach,West Palm Beach,7298.0
Westchase,Westchase,15196.0
Weston,Davie,978.0
Weston,Pembroke Pines,1009.0
Weston,Sunrise,1413.0
Weston,Weston,18163.0
Wewahitchka,Wewahitchka,9310.0
Wildwood,The Villages,1703.0
Wildwood,Wildwood,3682.0
Winter Garden,Winter Garden,10699.0
Winter Haven,Winter Haven,6637.0
Winter Park,Winter Park,13557.0
Winter Springs,Casselberry,1464.0
Winter Springs,Winter Springs,8031.0
Yulee,Fernandina Beach,8019.0
Yulee,Jacksonville,7621.0
Yulee,Yulee,38540.0
Zephyrhills,Zephyrhills,5475.0
Cocoa,Titusville,1308.0
Dunedin,Clearwater,1818.0
Fernandina Beach,Yulee,2577.0
Melbourne,Palm Bay,1926.0
Nocatee,Jacksonville Beach,1008.0
Pembroke Pines,Cooper City,3018.0
Pinellas Park,Largo,1737.0
Jacksonville,Fernandina Beach,2782.0
Lehigh Acres,Cape Coral,2063.0
Melbourne,Cocoa,1866.0
Davie,Weston,1849.0
Davie,Sunrise,1486.0
