Inner-city Learner meta_MPNN,0,32.95747,3.19058
Inner-city Learner meta_MPNN,1,33.13605,3.29348
Inner-city Learner meta_MPNN,2,33.50119,3.27398
Inner-city Learner meta_MPNN,3,34.00805,3.12197
Inner-city Learner meta_MPNN,4,33.87738,3.31700
Inner-city Learner meta_MPNN,5,33.83977,3.58138
Inner-city Learner meta_MPNN,6,34.57940,3.47984
Inner-city Learner meta_MPNN,7,35.32082,3.51967
Inner-city Learner meta_MPNN,8,36.35765,3.49533
Inner-city Learner meta_MPNN,9,35.01717,3.59657
Inner-city Learner meta_MPNN,10,31.42060,0.00000
Inner-city Learner meta_MPNN,11,nan,nan
Inner-city Learner meta_MPNN,12,nan,nan
Inner-city Learner meta_MPNN,13,nan,nan
