AVG,0,11.04243,1.63437
AVG,1,10.97428,1.40288
AVG,2,11.28810,1.42939
AVG,3,11.44589,1.54152
AVG,4,11.42150,1.53495
AVG,5,11.56588,1.66805
AVG,6,12.05320,1.62543
AVG,7,12.47453,1.77173
AVG,8,13.15990,1.85578
AVG,9,12.43648,1.48197
AVG,10,11.11465,0.00000
AVG,11,nan,nan
AVG,12,nan,nan
AVG,13,nan,nan
LAST_DAY,0,10.12329,1.62740
LAST_DAY,1,11.06266,2.24614
LAST_DAY,2,12.27992,2.59251
LAST_DAY,3,13.14646,2.00504
LAST_DAY,4,12.76885,2.21103
LAST_DAY,5,13.18956,2.38205
LAST_DAY,6,15.13648,1.85184
LAST_DAY,7,15.29721,1.98201
LAST_DAY,8,16.14735,0.21523
LAST_DAY,9,16.00429,0.77682
LAST_DAY,10,13.45064,0.00000
LAST_DAY,11,nan,nan
LAST_DAY,12,nan,nan
LAST_DAY,13,nan,nan
AVG_WINDOW,0,9.44854,1.89300
AVG_WINDOW,1,10.02309,1.99459
AVG_WINDOW,2,10.60258,1.72698
AVG_WINDOW,3,11.40494,1.56979
AVG_WINDOW,4,11.74543,1.17249
AVG_WINDOW,5,12.49757,1.51643
AVG_WINDOW,6,13.17957,1.21021
AVG_WINDOW,7,13.08026,1.02435
AVG_WINDOW,8,13.00286,0.66848
AVG_WINDOW,9,12.12790,0.90815
AVG_WINDOW,10,11.13734,0.00000
AVG_WINDOW,11,nan,nan
AVG_WINDOW,12,nan,nan
AVG_WINDOW,13,nan,nan
AVG,0,11.04243,1.63437
AVG,1,10.97428,1.40288
AVG,2,11.28810,1.42939
AVG,3,11.44589,1.54152
AVG,4,11.42150,1.53495
AVG,5,11.56588,1.66805
AVG,6,12.05320,1.62543
AVG,7,12.47453,1.77173
AVG,8,13.15990,1.85578
AVG,9,12.43648,1.48197
AVG,10,11.11465,0.00000
AVG,11,nan,nan
AVG,12,nan,nan
AVG,13,nan,nan
LAST_DAY,0,10.12329,1.62740
LAST_DAY,1,11.06266,2.24614
LAST_DAY,2,12.27992,2.59251
LAST_DAY,3,13.14646,2.00504
LAST_DAY,4,12.76885,2.21103
LAST_DAY,5,13.18956,2.38205
LAST_DAY,6,15.13648,1.85184
LAST_DAY,7,15.29721,1.98201
LAST_DAY,8,16.14735,0.21523
LAST_DAY,9,16.00429,0.77682
LAST_DAY,10,13.45064,0.00000
LAST_DAY,11,nan,nan
LAST_DAY,12,nan,nan
LAST_DAY,13,nan,nan
AVG_WINDOW,0,9.44854,1.89300
AVG_WINDOW,1,10.02309,1.99459
AVG_WINDOW,2,10.60258,1.72698
AVG_WINDOW,3,11.40494,1.56979
AVG_WINDOW,4,11.74543,1.17249
AVG_WINDOW,5,12.49757,1.51643
AVG_WINDOW,6,13.17957,1.21021
AVG_WINDOW,7,13.08026,1.02435
AVG_WINDOW,8,13.00286,0.66848
AVG_WINDOW,9,12.12790,0.90815
AVG_WINDOW,10,11.13734,0.00000
AVG_WINDOW,11,nan,nan
AVG_WINDOW,12,nan,nan
AVG_WINDOW,13,nan,nan
LSTM,0,25.53130,2.70155
LSTM,1,25.68562,2.75571
LSTM,2,25.25960,2.63634
LSTM,3,24.67237,2.31192
LSTM,4,24.83006,2.48477
LSTM,5,25.08799,2.56990
LSTM,6,25.81406,2.28917
LSTM,7,25.11817,1.96234
LSTM,8,24.08217,0.88585
LSTM,9,24.30625,0.99618
LSTM,10,25.33393,0.00000
LSTM,11,nan,nan
LSTM,12,nan,nan
LSTM,13,nan,nan
AVG,0,11.04243,1.63437
AVG,1,10.97428,1.40288
AVG,2,11.28810,1.42939
AVG,3,11.44589,1.54152
AVG,4,11.42150,1.53495
AVG,5,11.56588,1.66805
AVG,6,12.05320,1.62543
AVG,7,12.47453,1.77173
AVG,8,13.15990,1.85578
AVG,9,12.43648,1.48197
AVG,10,11.11465,0.00000
AVG,11,nan,nan
AVG,12,nan,nan
AVG,13,nan,nan
LAST_DAY,0,10.12329,1.62740
LAST_DAY,1,11.06266,2.24614
LAST_DAY,2,12.27992,2.59251
LAST_DAY,3,13.14646,2.00504
LAST_DAY,4,12.76885,2.21103
LAST_DAY,5,13.18956,2.38205
LAST_DAY,6,15.13648,1.85184
LAST_DAY,7,15.29721,1.98201
LAST_DAY,8,16.14735,0.21523
LAST_DAY,9,16.00429,0.77682
LAST_DAY,10,13.45064,0.00000
LAST_DAY,11,nan,nan
LAST_DAY,12,nan,nan
LAST_DAY,13,nan,nan
AVG_WINDOW,0,9.44854,1.89300
AVG_WINDOW,1,10.02309,1.99459
AVG_WINDOW,2,10.60258,1.72698
AVG_WINDOW,3,11.40494,1.56979
AVG_WINDOW,4,11.74543,1.17249
AVG_WINDOW,5,12.49757,1.51643
AVG_WINDOW,6,13.17957,1.21021
AVG_WINDOW,7,13.08026,1.02435
AVG_WINDOW,8,13.00286,0.66848
AVG_WINDOW,9,12.12790,0.90815
AVG_WINDOW,10,11.13734,0.00000
AVG_WINDOW,11,nan,nan
AVG_WINDOW,12,nan,nan
AVG_WINDOW,13,nan,nan
LSTM,0,25.52616,2.70860
LSTM,1,25.68087,2.76189
LSTM,2,25.26330,2.64307
LSTM,3,24.66687,2.30593
LSTM,4,24.85116,2.47788
LSTM,5,25.08012,2.57879
LSTM,6,25.82973,2.26805
LSTM,7,25.12802,1.97667
LSTM,8,24.05878,0.90425
LSTM,9,24.28941,1.04309
LSTM,10,25.32377,0.00000
LSTM,11,nan,nan
LSTM,12,nan,nan
LSTM,13,nan,nan
TGNN,0,10.77269,1.83001
TGNN,1,11.04868,1.48693
TGNN,2,11.05974,1.59467
TGNN,3,10.86671,1.68396
TGNN,4,11.36763,1.87091
TGNN,5,11.04214,1.64547
TGNN,6,11.39959,1.50965
TGNN,7,10.42448,1.27984
TGNN,8,10.33419,1.47256
TGNN,9,10.96813,0.59532
TGNN,10,11.64158,0.00000
TGNN,11,nan,nan
TGNN,12,nan,nan
TGNN,13,nan,nan
Inner-city Learner meta_MPNN(INNER-iNTER DATA),0,8.30397,1.96824
Inner-city Learner meta_MPNN(INNER-iNTER DATA),1,9.03645,2.44238
Inner-city Learner meta_MPNN(INNER-iNTER DATA),2,9.63972,2.31989
Inner-city Learner meta_MPNN(INNER-iNTER DATA),3,10.62047,1.82573
Inner-city Learner meta_MPNN(INNER-iNTER DATA),4,11.03284,1.96526
Inner-city Learner meta_MPNN(INNER-iNTER DATA),5,11.76092,1.62081
Inner-city Learner meta_MPNN(INNER-iNTER DATA),6,12.56987,0.73172
Inner-city Learner meta_MPNN(INNER-iNTER DATA),7,12.52529,0.90347
Inner-city Learner meta_MPNN(INNER-iNTER DATA),8,12.50915,0.54888
Inner-city Learner meta_MPNN(INNER-iNTER DATA),9,11.75518,0.01703
Inner-city Learner meta_MPNN(INNER-iNTER DATA),10,11.44947,0.00000
Inner-city Learner meta_MPNN(INNER-iNTER DATA),11,nan,nan
Inner-city Learner meta_MPNN(INNER-iNTER DATA),12,nan,nan
Inner-city Learner meta_MPNN(INNER-iNTER DATA),13,nan,nan
