AVG,0,11.01576,1.58070
AVG,1,10.77040,1.16798
AVG,2,11.15106,1.17603
AVG,3,11.18943,1.34799
AVG,4,10.67716,0.91330
AVG,5,10.33373,0.36853
AVG,6,10.86592,0.00000
AVG,7,nan,nan
AVG,8,nan,nan
AVG,9,nan,nan
AVG,10,nan,nan
AVG,11,nan,nan
AVG,12,nan,nan
AVG,13,nan,nan
LAST_DAY,0,10.41828,1.58901
LAST_DAY,1,11.55297,2.61100
LAST_DAY,2,13.27712,2.76656
LAST_DAY,3,14.27331,1.52238
LAST_DAY,4,14.90537,0.54103
LAST_DAY,5,13.93856,2.74788
LAST_DAY,6,13.61441,0.00000
LAST_DAY,7,nan,nan
LAST_DAY,8,nan,nan
LAST_DAY,9,nan,nan
LAST_DAY,10,nan,nan
LAST_DAY,11,nan,nan
LAST_DAY,12,nan,nan
LAST_DAY,13,nan,nan
AVG_WINDOW,0,10.10308,1.56643
AVG_WINDOW,1,10.53894,1.54578
AVG_WINDOW,2,11.33705,0.99493
AVG_WINDOW,3,11.70763,0.89568
AVG_WINDOW,4,11.16364,0.91813
AVG_WINDOW,5,10.74334,0.91283
AVG_WINDOW,6,11.26634,0.00000
AVG_WINDOW,7,nan,nan
AVG_WINDOW,8,nan,nan
AVG_WINDOW,9,nan,nan
AVG_WINDOW,10,nan,nan
AVG_WINDOW,11,nan,nan
AVG_WINDOW,12,nan,nan
AVG_WINDOW,13,nan,nan
AVG,0,10.31871,1.83896
AVG,1,10.27698,1.67515
AVG,2,10.49444,1.73113
AVG,3,10.61011,1.80334
AVG,4,10.61633,1.76259
AVG,5,10.73815,1.82412
AVG,6,11.01506,1.86306
AVG,7,11.18023,1.95853
AVG,8,11.40915,2.09983
AVG,9,11.10140,1.74090
AVG,10,10.81239,1.42403
AVG,11,10.97319,1.57544
AVG,12,11.04320,1.69560
AVG,13,10.29228,0.22735
LAST_DAY,0,9.57654,1.55787
LAST_DAY,1,10.39915,2.35118
LAST_DAY,2,11.48366,2.69759
LAST_DAY,3,11.96056,2.31858
LAST_DAY,4,11.79167,2.08501
LAST_DAY,5,11.74037,2.59140
LAST_DAY,6,12.65297,2.86039
LAST_DAY,7,12.71516,3.17092
LAST_DAY,8,12.81091,3.12937
LAST_DAY,9,12.83959,2.74077
LAST_DAY,10,14.04661,1.78681
LAST_DAY,11,13.65254,0.72746
LAST_DAY,12,14.33792,0.64798
LAST_DAY,13,13.50847,2.33864
AVG_WINDOW,0,9.03783,1.66122
AVG_WINDOW,1,9.46017,1.76734
AVG_WINDOW,2,9.95655,1.72950
AVG_WINDOW,3,10.28185,1.85728
AVG_WINDOW,4,10.35623,1.81263
AVG_WINDOW,5,10.46148,1.95404
AVG_WINDOW,6,10.71283,1.90214
AVG_WINDOW,7,11.04520,1.77971
AVG_WINDOW,8,11.36857,1.53221
AVG_WINDOW,9,11.31909,1.05186
AVG_WINDOW,10,11.39175,1.08671
AVG_WINDOW,11,11.67276,1.10976
AVG_WINDOW,12,11.69628,1.52577
AVG_WINDOW,13,10.66384,0.52298
LSTM,0,23.81039,3.11918
LSTM,1,24.10350,2.92148
LSTM,2,24.28049,2.90417
LSTM,3,24.58428,2.73073
LSTM,4,24.87004,2.67039
LSTM,5,25.06874,2.69857
LSTM,6,25.25721,2.72421
LSTM,7,24.92822,2.65532
LSTM,8,24.43191,2.34311
LSTM,9,24.54672,2.46582
LSTM,10,24.82736,2.54797
LSTM,11,25.51973,2.14081
LSTM,12,24.84866,1.88746
LSTM,13,23.86620,0.87762
MPNN_LSTM,0,9.74490,1.95806
MPNN_LSTM,1,10.01555,1.82481
MPNN_LSTM,2,10.50443,1.62377
MPNN_LSTM,3,10.62152,1.45589
MPNN_LSTM,4,10.23902,1.42306
MPNN_LSTM,5,10.17202,1.52639
MPNN_LSTM,6,11.07902,1.50831
MPNN_LSTM,7,11.11781,1.80709
MPNN_LSTM,8,10.93777,2.01428
MPNN_LSTM,9,11.01358,1.45461
MPNN_LSTM,10,10.54918,1.13769
MPNN_LSTM,11,10.94373,1.27190
MPNN_LSTM,12,10.84714,0.71290
MPNN_LSTM,13,9.97319,0.80082
MPNet,0,19.71543,1.15870
MPNet,1,20.14525,0.00000
MPNet,2,nan,nan
MPNet,3,nan,nan
MPNet,4,nan,nan
MPNet,5,nan,nan
MPNet,6,nan,nan
MPNet,0,10.45406,2.20942
LSTM,0,24.65880,2.69076
LSTM,1,24.87981,2.56071
LSTM,2,24.96793,2.65873
LSTM,3,25.20159,2.58012
LSTM,4,25.53611,2.42662
LSTM,5,25.78791,2.36377
LSTM,6,26.06416,2.28158
LSTM,7,25.77384,2.21187
LSTM,8,25.33290,1.97707
LSTM,9,25.56001,1.97482
LSTM,10,25.55234,2.12474
LSTM,11,25.85648,2.16109
LSTM,12,25.14880,1.90266
LSTM,13,24.16446,0.89826
MPNet,0,9.97668,1.91673
MPNet,1,10.59005,1.98993
MPNet,2,10.65498,1.79148
MPNet,3,10.69518,1.74440
MPNet,4,10.97906,1.87887
MPNet,5,10.88761,1.89452
MPNet,6,11.17122,1.72774
MPNet,7,11.63040,1.45458
MPNet,8,11.48630,1.48334
MPNet,9,11.38274,1.61299
MPNet,10,11.89743,1.18504
MPNet,11,11.17599,1.95540
MPNet,12,10.67952,1.10425
MPNet,13,10.28164,1.23169
MPNN_LSTM,0,9.99738,1.97666
MPNN_LSTM,1,10.39748,2.05371
MPNN_LSTM,2,10.69838,1.98059
MPNN_LSTM,3,10.92541,1.82794
MPNN_LSTM,4,11.27268,1.90034
MPNN_LSTM,5,10.74955,1.77017
MPNN_LSTM,6,10.84432,1.68582
MPNN_LSTM,7,11.08684,1.62653
MPNN_LSTM,8,10.87554,1.74869
MPNN_LSTM,9,11.45960,1.46335
MPNN_LSTM,10,11.21770,1.42551
MPNN_LSTM,11,11.21394,1.50230
MPNN_LSTM,12,10.23023,1.00817
MPNN_LSTM,13,11.18512,0.93772
MPNet,0,10.34202,1.97871
MPNet,1,10.80567,1.99918
MPNet,2,10.76972,2.14844
MPNet,3,10.65261,1.74207
MPNet,0,14.14214,4.11990
MPNet,1,13.34789,3.90381
MPNet,2,14.05160,4.20819
MPNet,3,12.78097,4.19144
MPNet,4,13.66750,2.48145
MPNet,5,13.73471,3.61906
MPNet,6,15.91213,4.08419
MPNet,7,18.28944,3.63417
MPNet,8,16.13190,1.90590
AVG,0,11.37356,1.62531
AVG,1,11.06649,1.23162
AVG,2,11.51180,1.23303
AVG,3,11.60851,1.47177
AVG,4,10.95181,1.10460
AVG,5,10.08584,0.00000
AVG,6,nan,nan
AVG,7,nan,nan
AVG,8,nan,nan
AVG,9,nan,nan
AVG,10,nan,nan
AVG,11,nan,nan
AVG,12,nan,nan
AVG,13,nan,nan
LAST_DAY,0,10.67096,1.71003
LAST_DAY,1,11.72446,2.90044
LAST_DAY,2,13.38734,3.12404
LAST_DAY,3,14.64521,1.74387
LAST_DAY,4,15.01502,0.65880
LAST_DAY,5,11.33047,0.00000
LAST_DAY,6,nan,nan
LAST_DAY,7,nan,nan
LAST_DAY,8,nan,nan
LAST_DAY,9,nan,nan
LAST_DAY,10,nan,nan
LAST_DAY,11,nan,nan
LAST_DAY,12,nan,nan
LAST_DAY,13,nan,nan
AVG_WINDOW,0,10.13703,1.70063
AVG_WINDOW,1,10.59460,1.70986
AVG_WINDOW,2,11.30028,1.06324
AVG_WINDOW,3,11.64480,0.96553
AVG_WINDOW,4,10.80411,0.75874
AVG_WINDOW,5,9.94237,0.00000
AVG_WINDOW,6,nan,nan
AVG_WINDOW,7,nan,nan
AVG_WINDOW,8,nan,nan
AVG_WINDOW,9,nan,nan
AVG_WINDOW,10,nan,nan
AVG_WINDOW,11,nan,nan
AVG_WINDOW,12,nan,nan
AVG_WINDOW,13,nan,nan
LSTM,0,25.58395,2.10671
LSTM,1,25.82811,2.12720
LSTM,2,25.09730,1.91945
LSTM,3,24.03534,0.80588
LSTM,4,24.23971,0.94511
LSTM,5,25.06823,0.00000
LSTM,6,nan,nan
LSTM,7,nan,nan
LSTM,8,nan,nan
LSTM,9,nan,nan
LSTM,10,nan,nan
LSTM,11,nan,nan
LSTM,12,nan,nan
LSTM,13,nan,nan
MPNN,0,10.28566,2.08444
MPNN,1,11.12871,2.36007
MPNN,2,11.52987,1.70685
MPNN,3,12.48677,0.36133
MPNN,4,12.05487,0.35357
MPNN,5,12.06690,0.00000
MPNN,6,nan,nan
MPNN,7,nan,nan
MPNN,8,nan,nan
MPNN,9,nan,nan
MPNN,10,nan,nan
MPNN,11,nan,nan
MPNN,12,nan,nan
MPNN,13,nan,nan
MPNN_LSTM,0,11.33834,1.46173
MPNN_LSTM,1,11.05488,1.86669
MPNN_LSTM,2,9.91243,1.22861
MPNN_LSTM,3,9.30492,1.31267
MPNN_LSTM,4,10.91558,0.27455
MPNN_LSTM,5,11.06067,0.00000
MPNN_LSTM,6,nan,nan
MPNN_LSTM,7,nan,nan
MPNN_LSTM,8,nan,nan
MPNN_LSTM,9,nan,nan
MPNN_LSTM,10,nan,nan
MPNN_LSTM,11,nan,nan
MPNN_LSTM,12,nan,nan
MPNN_LSTM,13,nan,nan
MPNet,0,11.53454,1.32798
MPNet,1,10.92390,1.99954
MPNet,2,10.36653,1.02429
MPNet,3,9.91860,1.44487
MPNet,4,10.86776,0.44695
MPNet,5,10.92176,0.00000
MPNet,6,nan,nan
MPNet,7,nan,nan
MPNet,8,nan,nan
MPNet,9,nan,nan
MPNet,10,nan,nan
MPNet,11,nan,nan
MPNet,12,nan,nan
MPNet,13,nan,nan
AVG,0,11.04243,1.63437
AVG,1,10.97428,1.40288
AVG,2,11.28810,1.42939
AVG,3,11.44589,1.54152
AVG,4,11.42150,1.53495
AVG,5,11.56588,1.66805
AVG,6,12.05320,1.62543
AVG,7,12.47453,1.77173
AVG,8,13.15990,1.85578
AVG,9,12.43648,1.48197
AVG,10,11.11465,0.00000
AVG,11,nan,nan
AVG,12,nan,nan
AVG,13,nan,nan
LAST_DAY,0,10.12329,1.62740
LAST_DAY,1,11.06266,2.24614
LAST_DAY,2,12.27992,2.59251
LAST_DAY,3,13.14646,2.00504
LAST_DAY,4,12.76885,2.21103
LAST_DAY,5,13.18956,2.38205
LAST_DAY,6,15.13648,1.85184
LAST_DAY,7,15.29721,1.98201
LAST_DAY,8,16.14735,0.21523
LAST_DAY,9,16.00429,0.77682
LAST_DAY,10,13.45064,0.00000
LAST_DAY,11,nan,nan
LAST_DAY,12,nan,nan
LAST_DAY,13,nan,nan
AVG_WINDOW,0,9.67661,1.64113
AVG_WINDOW,1,10.21110,1.66492
AVG_WINDOW,2,11.00756,1.25751
AVG_WINDOW,3,11.61389,1.22862
AVG_WINDOW,4,11.67715,1.14398
AVG_WINDOW,5,11.86082,1.29822
AVG_WINDOW,6,12.17707,1.09394
AVG_WINDOW,7,12.24785,0.97825
AVG_WINDOW,8,12.63070,0.84917
AVG_WINDOW,9,11.90435,1.16983
AVG_WINDOW,10,10.84611,0.00000
AVG_WINDOW,11,nan,nan
AVG_WINDOW,12,nan,nan
AVG_WINDOW,13,nan,nan
LSTM,0,25.89085,2.30564
LSTM,1,26.10880,2.24673
LSTM,2,25.80579,2.24156
LSTM,3,25.30301,1.89903
LSTM,4,25.51401,1.99984
LSTM,5,25.55296,2.18988
LSTM,6,25.83622,2.26854
LSTM,7,25.10704,1.97396
LSTM,8,24.07461,0.90422
LSTM,9,24.36292,1.05109
LSTM,10,25.38441,0.00000
LSTM,11,nan,nan
LSTM,12,nan,nan
LSTM,13,nan,nan
MPNN,0,9.97202,1.95367
MPNN,1,10.62373,2.05609
MPNN,2,11.52398,2.01449
MPNN,3,12.18075,1.54650
MPNN,4,12.20831,1.05251
MPNN,5,12.88906,1.06356
MPNN,6,13.12558,0.54526
MPNN,7,12.81010,0.31071
MPNN,8,12.56643,0.03850
MPNN,9,11.90394,0.40176
MPNN,10,10.77193,0.00000
MPNN,11,nan,nan
MPNN,12,nan,nan
MPNN,13,nan,nan
MPNN_LSTM,0,11.02353,1.89632
MPNN_LSTM,1,11.34787,1.48495
MPNN_LSTM,2,11.03458,2.00771
MPNN_LSTM,3,10.74340,1.70026
MPNN_LSTM,4,11.82085,2.12862
MPNN_LSTM,5,10.98716,1.68520
MPNN_LSTM,6,10.73512,1.51900
MPNN_LSTM,7,10.44607,1.22234
MPNN_LSTM,8,10.12979,0.70023
MPNN_LSTM,9,10.97087,0.43040
MPNN_LSTM,10,11.67105,0.00000
MPNN_LSTM,11,nan,nan
MPNN_LSTM,12,nan,nan
MPNN_LSTM,13,nan,nan
MPNet,0,11.21161,1.76643
MPNet,1,11.02198,1.77339
MPNet,2,11.46338,1.78080
MPNet,3,11.34527,1.49196
MPNet,4,11.41170,2.07292
MPNet,5,11.17066,1.58972
MPNet,6,11.05972,1.38787
MPNet,7,11.59251,1.70387
MPNet,8,10.36912,0.95361
MPNet,9,11.92473,0.55428
MPNet,10,10.96494,0.00000
MPNet,11,nan,nan
MPNet,12,nan,nan
MPNet,13,nan,nan
AVG,0,11.04243,1.63437
AVG,1,10.97428,1.40288
AVG,2,11.28810,1.42939
AVG,3,11.44589,1.54152
AVG,4,11.42150,1.53495
AVG,5,11.56588,1.66805
AVG,6,12.05320,1.62543
AVG,7,12.47453,1.77173
AVG,8,13.15990,1.85578
AVG,9,12.43648,1.48197
AVG,10,11.11465,0.00000
AVG,11,nan,nan
AVG,12,nan,nan
AVG,13,nan,nan
LAST_DAY,0,10.12329,1.62740
LAST_DAY,1,11.06266,2.24614
LAST_DAY,2,12.27992,2.59251
LAST_DAY,3,13.14646,2.00504
LAST_DAY,4,12.76885,2.21103
LAST_DAY,5,13.18956,2.38205
LAST_DAY,6,15.13648,1.85184
LAST_DAY,7,15.29721,1.98201
LAST_DAY,8,16.14735,0.21523
LAST_DAY,9,16.00429,0.77682
LAST_DAY,10,13.45064,0.00000
LAST_DAY,11,nan,nan
LAST_DAY,12,nan,nan
LAST_DAY,13,nan,nan
AVG_WINDOW,0,9.67661,1.64113
AVG_WINDOW,1,10.21110,1.66492
AVG_WINDOW,2,11.00756,1.25751
AVG_WINDOW,3,11.61389,1.22862
AVG_WINDOW,4,11.67715,1.14398
AVG_WINDOW,5,11.86082,1.29822
AVG_WINDOW,6,12.17707,1.09394
AVG_WINDOW,7,12.24785,0.97825
AVG_WINDOW,8,12.63070,0.84917
AVG_WINDOW,9,11.90435,1.16983
AVG_WINDOW,10,10.84611,0.00000
AVG_WINDOW,11,nan,nan
AVG_WINDOW,12,nan,nan
AVG_WINDOW,13,nan,nan
MPNet,0,11.00466,1.92371
MPNet,1,11.57577,1.59021
MPNet,2,11.29109,1.53304
MPNet,3,11.53107,1.97977
MPNet,4,12.14851,1.67390
MPNet,5,11.01170,1.45608
MPNet,6,11.30912,1.29947
MPNet,7,10.61076,1.59678
MPNet,8,10.73532,0.82892
MPNet,9,10.70491,0.46871
MPNet,10,11.30917,0.00000
MPNet,11,nan,nan
MPNet,12,nan,nan
MPNet,13,nan,nan
MPNet,0,11.17180,1.98668
MPNet,1,11.59379,1.85350
MPNet,2,11.17347,2.03595
MPNet,3,11.37719,1.62715
MPNet,4,11.51748,1.65236
MPNet,5,11.26730,1.45074
MPNet,6,11.30964,1.32551
MPNet,7,10.80095,1.24639
MPNet,8,10.46268,0.64774
MPNet,9,10.82285,1.15645
MPNet,10,11.43351,0.00000
MPNet,11,nan,nan
MPNet,12,nan,nan
MPNet,13,nan,nan
TGNN,0,11.20694,1.78555
TGNN,1,11.28288,1.63572
TGNN,2,11.28549,1.87841
TGNN,3,10.64975,1.85915
TGNN,4,11.63410,1.71396
TGNN,5,11.24794,1.83698
TGNN,6,10.79740,1.43199
TGNN,7,10.53080,1.02523
TGNN,8,10.54198,0.96927
TGNN,9,11.04256,0.93312
TGNN,10,11.62479,0.00000
TGNN,11,nan,nan
TGNN,12,nan,nan
TGNN,13,nan,nan
Inner-city Learner meta_MPNN,0,32.95747,3.19058
Inner-city Learner meta_MPNN,1,33.13605,3.29348
Inner-city Learner meta_MPNN,2,33.50119,3.27398
Inner-city Learner meta_MPNN,3,34.00805,3.12197
Inner-city Learner meta_MPNN,4,33.87738,3.31700
Inner-city Learner meta_MPNN,5,33.83977,3.58138
Inner-city Learner meta_MPNN,6,34.57940,3.47984
Inner-city Learner meta_MPNN,7,35.32082,3.51967
Inner-city Learner meta_MPNN,8,36.35765,3.49533
Inner-city Learner meta_MPNN,9,35.01717,3.59657
Inner-city Learner meta_MPNN,10,31.42060,0.00000
Inner-city Learner meta_MPNN,11,nan,nan
Inner-city Learner meta_MPNN,12,nan,nan
Inner-city Learner meta_MPNN,13,nan,nan
Inner-city Learner meta_MPNN,0,32.95747,3.19058
Inner-city Learner meta_MPNN,1,33.13605,3.29348
Inner-city Learner meta_MPNN,2,33.50119,3.27398
Inner-city Learner meta_MPNN,3,34.00805,3.12197
Inner-city Learner meta_MPNN,4,33.87738,3.31700
Inner-city Learner meta_MPNN,5,33.83977,3.58138
Inner-city Learner meta_MPNN,6,34.57940,3.47984
Inner-city Learner meta_MPNN,7,35.32082,3.51967
Inner-city Learner meta_MPNN,8,36.35765,3.49533
Inner-city Learner meta_MPNN,9,35.01717,3.59657
Inner-city Learner meta_MPNN,10,31.42060,0.00000
Inner-city Learner meta_MPNN,11,nan,nan
Inner-city Learner meta_MPNN,12,nan,nan
Inner-city Learner meta_MPNN,13,nan,nan
Inner-city Learner meta_MPNN,0,32.95747,3.19058
Inner-city Learner meta_MPNN,1,33.13605,3.29348
Inner-city Learner meta_MPNN,2,33.50119,3.27398
Inner-city Learner meta_MPNN,3,34.00805,3.12197
Inner-city Learner meta_MPNN,4,33.87738,3.31700
Inner-city Learner meta_MPNN,5,33.83977,3.58138
Inner-city Learner meta_MPNN,6,34.57940,3.47984
Inner-city Learner meta_MPNN,7,35.32082,3.51967
Inner-city Learner meta_MPNN,8,36.35765,3.49533
Inner-city Learner meta_MPNN,9,35.01717,3.59657
Inner-city Learner meta_MPNN,10,31.42060,0.00000
Inner-city Learner meta_MPNN,11,nan,nan
Inner-city Learner meta_MPNN,12,nan,nan
Inner-city Learner meta_MPNN,13,nan,nan
Inner-city Learner meta_MPNN,0,32.95747,3.19058
Inner-city Learner meta_MPNN,1,33.13605,3.29348
Inner-city Learner meta_MPNN,2,33.50119,3.27398
Inner-city Learner meta_MPNN,3,34.00805,3.12197
Inner-city Learner meta_MPNN,0,8.16539,1.93391
Inner-city Learner meta_MPNN,1,8.76047,2.03321
Inner-city Learner meta_MPNN,2,9.18518,2.07835
Inner-city Learner meta_MPNN,3,10.11293,1.84445
Inner-city Learner meta_MPNN,4,10.61827,1.68092
Inner-city Learner meta_MPNN,5,11.66154,1.85802
Inner-city Learner meta_MPNN,6,12.12488,0.70575
Inner-city Learner meta_MPNN,7,12.09261,0.44478
Inner-city Learner meta_MPNN,8,11.91825,0.20942
Inner-city Learner meta_MPNN,9,11.49730,0.15831
Inner-city Learner meta_MPNN,10,10.82816,0.00000
Inner-city Learner meta_MPNN,11,nan,nan
Inner-city Learner meta_MPNN,12,nan,nan
Inner-city Learner meta_MPNN,13,nan,nan
Inner-city Learner meta_MPNN,0,32.95747,3.19058
Inner-city Learner meta_MPNN,1,33.13605,3.29348
Inner-city Learner meta_MPNN,0,8.24669,1.89869
Inner-city Learner meta_MPNN,1,8.59793,2.26452
Inner-city Learner meta_MPNN,2,9.25510,2.17320
Inner-city Learner meta_MPNN,3,10.06242,1.85601
Inner-city Learner meta_MPNN,4,10.35466,1.61865
Inner-city Learner meta_MPNN,5,10.97759,1.69915
Inner-city Learner meta_MPNN,6,12.12940,0.59748
Inner-city Learner meta_MPNN,7,11.94638,0.45326
Inner-city Learner meta_MPNN,8,12.14157,0.41949
Inner-city Learner meta_MPNN,9,11.56416,0.29313
Inner-city Learner meta_MPNN,10,10.83757,0.00000
Inner-city Learner meta_MPNN,11,nan,nan
Inner-city Learner meta_MPNN,12,nan,nan
Inner-city Learner meta_MPNN,13,nan,nan
Inner-city Learner meta_MPNN(INNER DATA),0,8.19480,1.88348
Inner-city Learner meta_MPNN(INNER DATA),1,8.50412,2.12202
Inner-city Learner meta_MPNN(INNER DATA),2,9.59695,1.97087
Inner-city Learner meta_MPNN(INNER DATA),3,10.29476,1.86594
Inner-city Learner meta_MPNN(INNER DATA),4,10.79629,1.74524
Inner-city Learner meta_MPNN(INNER DATA),5,11.37208,1.62067
Inner-city Learner meta_MPNN(INNER DATA),6,12.38369,0.92422
Inner-city Learner meta_MPNN(INNER DATA),7,12.68935,0.90176
Inner-city Learner meta_MPNN(INNER DATA),8,12.09885,0.08982
Inner-city Learner meta_MPNN(INNER DATA),9,11.60965,0.18801
Inner-city Learner meta_MPNN(INNER DATA),10,10.90261,0.00000
Inner-city Learner meta_MPNN(INNER DATA),11,nan,nan
Inner-city Learner meta_MPNN(INNER DATA),12,nan,nan
Inner-city Learner meta_MPNN(INNER DATA),13,nan,nan
