AVG,0,11.04243,1.63437
AVG,1,10.97428,1.40288
AVG,2,11.28810,1.42939
AVG,3,11.44589,1.54152
AVG,4,11.42150,1.53495
AVG,5,11.56588,1.66805
AVG,6,12.05320,1.62543
AVG,7,12.47453,1.77173
AVG,8,13.15990,1.85578
AVG,9,12.43648,1.48197
AVG,10,11.11465,0.00000
AVG,11,nan,nan
AVG,12,nan,nan
AVG,13,nan,nan
LAST_DAY,0,10.12329,1.62740
LAST_DAY,1,11.06266,2.24614
LAST_DAY,2,12.27992,2.59251
LAST_DAY,3,13.14646,2.00504
LAST_DAY,4,12.76885,2.21103
LAST_DAY,5,13.18956,2.38205
LAST_DAY,6,15.13648,1.85184
LAST_DAY,7,15.29721,1.98201
LAST_DAY,8,16.14735,0.21523
LAST_DAY,9,16.00429,0.77682
LAST_DAY,10,13.45064,0.00000
LAST_DAY,11,nan,nan
LAST_DAY,12,nan,nan
LAST_DAY,13,nan,nan
AVG_WINDOW,0,9.22539,2.05886
AVG_WINDOW,1,10.20300,2.37081
AVG_WINDOW,2,10.83914,2.10537
AVG_WINDOW,3,11.32904,2.00024
AVG_WINDOW,4,11.64357,1.89473
AVG_WINDOW,5,12.41202,1.78742
AVG_WINDOW,6,13.54764,1.30298
AVG_WINDOW,7,14.08655,1.44049
AVG_WINDOW,8,14.36242,0.90736
AVG_WINDOW,9,13.41416,0.78326
AVG_WINDOW,10,11.45637,0.00000
AVG_WINDOW,11,nan,nan
AVG_WINDOW,12,nan,nan
AVG_WINDOW,13,nan,nan
LSTM,0,25.24041,2.30548
LSTM,1,25.36863,2.37351
LSTM,2,24.86242,2.22620
LSTM,3,24.28066,1.51797
LSTM,4,24.30206,1.70038
LSTM,5,24.49101,1.67126
LSTM,6,25.01641,1.37407
LSTM,7,24.49410,1.06923
LSTM,8,23.97229,0.83005
LSTM,9,24.21038,1.01861
LSTM,10,25.25724,0.00000
LSTM,11,nan,nan
LSTM,12,nan,nan
LSTM,13,nan,nan
TGNN,0,10.53468,1.80195
TGNN,1,10.93878,1.82278
TGNN,2,11.16631,1.92649
TGNN,3,11.28682,1.52489
TGNN,4,11.38351,2.05733
TGNN,5,11.09360,1.81111
TGNN,6,12.01127,1.86949
TGNN,7,10.26723,0.77548
TGNN,8,10.68513,1.80744
TGNN,9,11.82195,0.19380
TGNN,10,12.69497,0.00000
TGNN,11,nan,nan
TGNN,12,nan,nan
TGNN,13,nan,nan
Inner-city Learner meta_MPNN(INNER-iNTER DATA),0,8.45340,1.73681
Inner-city Learner meta_MPNN(INNER-iNTER DATA),1,9.07586,2.16988
Inner-city Learner meta_MPNN(INNER-iNTER DATA),2,9.97349,2.35912
Inner-city Learner meta_MPNN(INNER-iNTER DATA),3,10.64151,2.20192
Inner-city Learner meta_MPNN(INNER-iNTER DATA),4,11.05544,1.93927
Inner-city Learner meta_MPNN(INNER-iNTER DATA),5,12.06806,2.06777
Inner-city Learner meta_MPNN(INNER-iNTER DATA),6,13.21922,0.69465
Inner-city Learner meta_MPNN(INNER-iNTER DATA),7,13.46058,1.22753
Inner-city Learner meta_MPNN(INNER-iNTER DATA),8,13.41687,0.87383
Inner-city Learner meta_MPNN(INNER-iNTER DATA),9,12.76557,0.52375
Inner-city Learner meta_MPNN(INNER-iNTER DATA),10,11.91615,0.00000
Inner-city Learner meta_MPNN(INNER-iNTER DATA),11,nan,nan
Inner-city Learner meta_MPNN(INNER-iNTER DATA),12,nan,nan
Inner-city Learner meta_MPNN(INNER-iNTER DATA),13,nan,nan
